from,to,net_species_gain,path_astar,path_nominal,path_length,path_length_astar,net_length_improvement,net_cost,net_cost_astar,net_cost_improvement,astar_time
|1,1|1,1,(|1)+(1|1),(|1)+(1|1),1,1,0,1.0,1.0,0.0,5.0039e-5
|1,2|1,1,(|1)+(2|1),(|1)+(2|1),1,1,0,1.0,1.0,0.0,4.248e-5
|1,3|1,1,(|1)+(3|1),(|1)+(3|1),1,1,0,1.0,1.0,0.0,4.045e-5
|1,1*3|1,2,(|1)+(1|1)+(1*3|1),(|1)+(1|1)+(1*3|1),2,2,0,2.0,2.0,0.0,7.852e-5
|1,4|1,1,(|1)+(4|1),(|1)+(4|1),1,1,0,1.0,1.0,0.0,3.7709e-5
|1,5|1,1,(|1)+(5|1),(|1)+(5|1),1,1,0,1.0,1.0,0.0,3.4285e-5
|1,1*5|1,2,(|1)+(1|1)+(1*5|1),(|1)+(1|1)+(1*5|1),2,2,0,2.0,2.0,0.0,7.0602e-5
|1,4*5|1,2,(|1)+(4|1)+(4*5|1),(|1)+(4|1)+(4*5|1),2,2,0,2.0,2.0,0.0,7.6031e-5
|1,|2,0,(|1)=(|2),(|1)=(|2),1,1,0,5.0,5.0,0.0,3.7375e-5
|1,1|2,1,(|1)+(1|1)=(1|2),(|1)=(|2)+(1|2),2,2,0,6.0,6.0,0.0,7.2355e-5
|1,2|2,1,(|1)+(2|1)=(2|2),(|1)=(|2)+(2|2),2,2,0,6.0,6.0,0.0,7.226e-5
|1,3|2,1,(|1)+(3|1)=(3|2),(|1)=(|2)+(3|2),2,2,0,6.0,6.0,0.0,7.3223e-5
|1,4|2,1,(|1)+(4|1)=(4|2),(|1)=(|2)+(4|2),2,2,0,6.0,6.0,0.0,7.0198e-5
|1,5|2,1,(|1)+(5|1)=(5|2),(|1)=(|2)+(5|2),2,2,0,6.0,6.0,0.0,7.218e-5
|1,2*5|2,2,(|1)=(|2)+(5|2)+(2*5|2),(|1)=(|2)+(2|2)+(2*5|2),3,3,0,7.0,7.0,0.0,0.000131369
|1,|3,0,(|1)=(|2)=(|3),(|1)=(|2)=(|3),2,2,0,10.0,10.0,0.0,5.7796e-5
|1,1|3,1,(|1)+(1|1)=(1|2)=(1|3),(|1)=(|2)=(|3)+(1|3),3,3,0,11.0,11.0,0.0,0.000100838
|1,2|3,1,(|1)+(2|1)=(2|2)=(2|3),(|1)=(|2)=(|3)+(2|3),3,3,0,11.0,11.0,0.0,0.000116495
|1,3|3,1,(|1)+(3|1)=(3|2)=(3|3),(|1)=(|2)=(|3)+(3|3),3,3,0,11.0,11.0,0.0,0.00010813
|1,4|3,1,(|1)+(4|1)=(4|2)=(4|3),(|1)=(|2)=(|3)+(4|3),3,3,0,11.0,11.0,0.0,0.000110558
|1,5|3,1,(|1)+(5|1)=(5|2)=(5|3),(|1)=(|2)=(|3)+(5|3),3,3,0,11.0,11.0,0.0,9.8134e-5
1|1,|1,-1,(1|1)-(|1),(1|1)-(|1),1,1,0,3.0,3.0,0.0,4.024e-5
1|1,2|1,0,(1|1)-(|1)+(2|1),(1|1)-(|1)+(2|1),2,2,0,4.0,4.0,0.0,7.749e-5
1|1,3|1,0,(1|1)-(|1)+(3|1),(1|1)-(|1)+(3|1),2,2,0,4.0,4.0,0.0,7.6756e-5
1|1,1*3|1,1,(1|1)+(1*3|1),(1|1)+(1*3|1),1,1,0,1.0,1.0,0.0,3.381e-5
1|1,4|1,0,(1|1)-(|1)+(4|1),(1|1)-(|1)+(4|1),2,2,0,4.0,4.0,0.0,7.5604e-5
1|1,5|1,0,(1|1)-(|1)+(5|1),(1|1)-(|1)+(5|1),2,2,0,4.0,4.0,0.0,7.2604e-5
1|1,1*5|1,1,(1|1)+(1*5|1),(1|1)+(1*5|1),1,1,0,1.0,1.0,0.0,3.2533e-5
1|1,4*5|1,1,(1|1)+(1*4|1)+(1*4*5|1)-(4*5|1),(1|1)-(|1)+(4|1)+(4*5|1),3,3,0,5.0,5.0,0.0,0.000117339
1|1,|2,-1,(1|1)-(|1)=(|2),(1|1)=(1|2)-(|2),2,2,0,8.0,8.0,0.0,7.438e-5
1|1,1|2,0,(1|1)=(1|2),(1|1)=(1|2),1,1,0,5.0,5.0,0.0,3.6555e-5
1|1,2|2,0,(1|1)-(|1)+(2|1)=(2|2),(1|1)=(1|2)-(|2)+(2|2),3,3,0,9.0,9.0,0.0,0.000131364
1|1,3|2,0,(1|1)=(1|2)+(1*3|2)>(3|2),(1|1)=(1|2)-(|2)+(3|2),3,3,0,9.0,6.1,2.9,0.000133969
1|1,4|2,0,(1|1)=(1|2)+(1*4|2)>(4|2),(1|1)=(1|2)-(|2)+(4|2),3,3,0,9.0,6.1,2.9,0.000104365
1|1,5|2,0,(1|1)=(1|2)+(1*5|2)>(5|2),(1|1)=(1|2)-(|2)+(5|2),3,3,0,9.0,6.1,2.9,0.00010783
1|1,2*5|2,1,(1|1)=(1|2)+(1*5|2)>(5|2)+(2*5|2),(1|1)=(1|2)-(|2)+(2|2)+(2*5|2),4,4,0,10.0,7.1,2.9,0.000144631
1|1,|3,-1,(1|1)-(|1)=(|2)=(|3),(1|1)=(1|2)=(1|3)-(|3),3,3,0,13.0,13.0,0.0,0.000105353
1|1,1|3,0,(1|1)=(1|2)=(1|3),(1|1)=(1|2)=(1|3),2,2,0,10.0,10.0,0.0,6.161e-5
1|1,2|3,0,(1|1)-(|1)+(2|1)=(2|2)=(2|3),(1|1)=(1|2)=(1|3)-(|3)+(2|3),4,4,0,14.0,14.0,0.0,0.000171113
1|1,3|3,0,(1|1)=(1|2)+(1*3|2)>(3|2)=(3|3),(1|1)=(1|2)=(1|3)-(|3)+(3|3),4,4,0,14.0,11.1,2.9,0.000153471
1|1,4|3,0,(1|1)=(1|2)+(1*4|2)>(4|2)=(4|3),(1|1)=(1|2)=(1|3)-(|3)+(4|3),4,4,0,14.0,11.1,2.9,0.000128826
1|1,5|3,0,(1|1)=(1|2)+(1*5|2)>(5|2)=(5|3),(1|1)=(1|2)=(1|3)-(|3)+(5|3),4,4,0,14.0,11.1,2.9,0.000123867
2|1,|1,-1,(2|1)-(|1),(2|1)-(|1),1,1,0,3.0,3.0,0.0,3.5341e-5
2|1,1|1,0,(2|1)+(1*2|1)>(1|1),(2|1)-(|1)+(1|1),2,2,0,4.0,1.1,2.9,7.1456e-5
2|1,3|1,0,(2|1)+(2*3|1)>(3|1),(2|1)-(|1)+(3|1),2,2,0,4.0,1.1,2.9,7.5228e-5
2|1,1*3|1,1,(2|1)+(2*3|1)>(3|1)+(1*3|1),(2|1)-(|1)+(1|1)+(1*3|1),3,3,0,5.0,2.1,2.9,8.9559e-5
2|1,4|1,0,(2|1)+(2*4|1)>(4|1),(2|1)-(|1)+(4|1),2,2,0,4.0,1.1,2.9,7.4127e-5
2|1,5|1,0,(2|1)+(2*5|1)>(5|1),(2|1)-(|1)+(5|1),2,2,0,4.0,1.1,2.9,7.1322e-5
2|1,1*5|1,1,(2|1)+(1*2|1)>(1|1)+(1*5|1),(2|1)-(|1)+(1|1)+(1*5|1),3,3,0,5.0,2.1,2.9,9.8123e-5
2|1,4*5|1,1,(2|1)+(2*4|1)>(4|1)+(4*5|1),(2|1)-(|1)+(4|1)+(4*5|1),3,3,0,5.0,2.1,2.9,9.1939e-5
2|1,|2,-1,(2|1)-(|1)=(|2),(2|1)=(2|2)-(|2),2,2,0,8.0,8.0,0.0,7.7248e-5
2|1,1|2,0,(2|1)=(2|2)+(1*2|2)>(1|2),(2|1)=(2|2)-(|2)+(1|2),3,3,0,9.0,6.1,2.9,0.000148834
2|1,2|2,0,(2|1)=(2|2),(2|1)=(2|2),1,1,0,5.0,5.0,0.0,3.2315e-5
2|1,3|2,0,(2|1)+(2*3|1)>(3|1)=(3|2),(2|1)=(2|2)-(|2)+(3|2),3,3,0,9.0,6.1,2.9,0.000105522
2|1,4|2,0,(2|1)+(2*4|1)>(4|1)=(4|2),(2|1)=(2|2)-(|2)+(4|2),3,3,0,9.0,6.1,2.9,0.000106905
2|1,5|2,0,(2|1)+(2*5|1)>(5|1)=(5|2),(2|1)=(2|2)-(|2)+(5|2),3,3,0,9.0,6.1,2.9,0.000101701
2|1,2*5|2,1,(2|1)+(2*5|1)=(2*5|2),(2|1)=(2|2)+(2*5|2),2,2,0,6.0,6.0,0.0,7.9591e-5
2|1,|3,-1,(2|1)-(|1)=(|2)=(|3),(2|1)=(2|2)=(2|3)-(|3),3,3,0,13.0,13.0,0.0,0.000106692
2|1,1|3,0,(2|1)=(2|2)+(1*2|2)>(1|2)=(1|3),(2|1)=(2|2)=(2|3)-(|3)+(1|3),4,4,0,14.0,11.1,2.9,0.000151325
2|1,2|3,0,(2|1)=(2|2)=(2|3),(2|1)=(2|2)=(2|3),2,2,0,10.0,10.0,0.0,5.4793e-5
2|1,3|3,0,(2|1)+(2*3|1)>(3|1)=(3|2)=(3|3),(2|1)=(2|2)=(2|3)-(|3)+(3|3),4,4,0,14.0,11.1,2.9,0.00011077
2|1,4|3,0,(2|1)+(2*4|1)>(4|1)=(4|2)=(4|3),(2|1)=(2|2)=(2|3)-(|3)+(4|3),4,4,0,14.0,11.1,2.9,0.000109021
2|1,5|3,0,(2|1)+(2*5|1)>(5|1)=(5|2)=(5|3),(2|1)=(2|2)=(2|3)-(|3)+(5|3),4,4,0,14.0,11.1,2.9,0.000112855
3|1,|1,-1,(3|1)-(|1),(3|1)-(|1),1,1,0,3.0,3.0,0.0,3.4036e-5
3|1,1|1,0,(3|1)-(|1)+(1|1),(3|1)-(|1)+(1|1),2,2,0,4.0,4.0,0.0,7.1955e-5
3|1,2|1,0,(3|1)-(|1)+(2|1),(3|1)-(|1)+(2|1),2,2,0,4.0,4.0,0.0,7.6066e-5
3|1,1*3|1,1,(3|1)+(1*3|1),(3|1)+(1*3|1),1,1,0,1.0,1.0,0.0,3.5316e-5
3|1,4|1,0,(3|1)-(|1)+(4|1),(3|1)-(|1)+(4|1),2,2,0,4.0,4.0,0.0,7.3522e-5
3|1,5|1,0,(3|1)-(|1)+(5|1),(3|1)-(|1)+(5|1),2,2,0,4.0,4.0,0.0,7.4479e-5
3|1,1*5|1,1,(3|1)-(|1)+(1|1)+(1*5|1),(3|1)-(|1)+(1|1)+(1*5|1),3,3,0,5.0,5.0,0.0,0.000113315
3|1,4*5|1,1,(3|1)+(3*4|1)+(3*4*5|1)-(4*5|1),(3|1)-(|1)+(4|1)+(4*5|1),3,3,0,5.0,5.0,0.0,0.000116287
3|1,|2,-1,(3|1)-(|1)=(|2),(3|1)=(3|2)-(|2),2,2,0,8.0,8.0,0.0,7.3191e-5
3|1,1|2,0,(3|1)-(|1)+(1|1)=(1|2),(3|1)=(3|2)-(|2)+(1|2),3,3,0,9.0,9.0,0.0,0.000138177
3|1,2|2,0,(3|1)=(3|2)+(2*3|2)>(2|2),(3|1)=(3|2)-(|2)+(2|2),3,3,0,9.0,6.1,2.9,0.000130157
3|1,3|2,0,(3|1)=(3|2),(3|1)=(3|2),1,1,0,5.0,5.0,0.0,3.1549e-5
3|1,4|2,0,(3|1)=(3|2)+(3*4|2)-(4|2),(3|1)=(3|2)-(|2)+(4|2),3,3,0,9.0,9.0,0.0,0.000142231
3|1,5|2,0,(3|1)=(3|2)+(3*5|2)-(5|2),(3|1)=(3|2)-(|2)+(5|2),3,3,0,9.0,9.0,0.0,0.00013309
3|1,2*5|2,1,(3|1)-(|1)+(2|1)=(2|2)+(2*5|2),(3|1)=(3|2)-(|2)+(2|2)+(2*5|2),4,4,0,10.0,10.0,0.0,0.000144728
3|1,|3,-1,(3|1)-(|1)=(|2)=(|3),(3|1)=(3|2)=(3|3)-(|3),3,3,0,13.0,13.0,0.0,0.000102284
3|1,1|3,0,(3|1)-(|1)+(1|1)=(1|2)=(1|3),(3|1)=(3|2)=(3|3)-(|3)+(1|3),4,4,0,14.0,14.0,0.0,0.000171248
3|1,2|3,0,(3|1)=(3|2)+(2*3|2)>(2|2)=(2|3),(3|1)=(3|2)=(3|3)-(|3)+(2|3),4,4,0,14.0,11.1,2.9,0.00015883
3|1,3|3,0,(3|1)=(3|2)=(3|3),(3|1)=(3|2)=(3|3),2,2,0,10.0,10.0,0.0,5.245e-5
3|1,4|3,0,(3|1)=(3|2)+(3*4|2)=(3*4|3)>(4|3),(3|1)=(3|2)=(3|3)-(|3)+(4|3),4,4,0,14.0,11.1,2.9,0.000148543
3|1,5|3,0,(3|1)=(3|2)+(3*5|2)=(3*5|3)-(5|3),(3|1)=(3|2)=(3|3)-(|3)+(5|3),4,4,0,14.0,14.0,0.0,0.000147795
1*3|1,|1,-2,(1*3|1)+(1*3*4|1)>(3*4|1)>(3|1)-(|1),(1*3|1)-(3|1)-(|1),2,4,-2,6.0,4.2,1.8,0.000130442
1*3|1,1|1,-1,(1*3|1)-(1|1),(1*3|1)-(1|1),1,1,0,3.0,3.0,0.0,4.0166e-5
1*3|1,2|1,-1,(1*3|1)+(1*3*4|1)>(3*4|1)>(3|1)-(|1)+(2|1),(1*3|1)-(3|1)-(|1)+(2|1),3,5,-2,7.0,5.2,1.8,0.000177121
1*3|1,3|1,-1,(1*3|1)-(3|1),(1*3|1)-(3|1),1,1,0,3.0,3.0,0.0,4.1932e-5
1*3|1,4|1,-1,(1*3|1)+(1*3*4|1)>(3*4|1)-(4|1),(1*3|1)-(3|1)-(|1)+(4|1),3,3,0,7.0,4.1,2.9,7.5711e-5
1*3|1,5|1,-1,(1*3|1)+(1*3*4|1)>(3*4|1)>(3|1)-(|1)+(5|1),(1*3|1)-(3|1)-(|1)+(5|1),3,5,-2,7.0,5.2,1.8,0.000176057
1*3|1,1*5|1,0,(1*3|1)-(1|1)+(1*5|1),(1*3|1)-(1|1)+(1*5|1),2,2,0,4.0,4.0,0.0,7.296e-5
1*3|1,4*5|1,0,(1*3|1)+(1*3*4|1)>(3*4|1)-(4|1)+(4*5|1),(1*3|1)-(3|1)-(|1)+(4|1)+(4*5|1),4,4,0,8.0,5.1,2.9,0.000138766
1*3|1,|2,-2,(1*3|1)=(1*3|2)>(3|2)-(|2),(1*3|1)=(1*3|2)-(3|2)-(|2),3,3,0,11.0,8.1,2.9,7.9281e-5
1*3|1,1|2,-1,(1*3|1)-(1|1)=(1|2),(1*3|1)=(1*3|2)-(1|2),2,2,0,8.0,8.0,0.0,7.6977e-5
1*3|1,2|2,-1,(1*3|1)=(1*3|2)>(3|2)+(2*3|2)>(2|2),(1*3|1)=(1*3|2)-(3|2)-(|2)+(2|2),4,4,0,12.0,6.199999999999999,5.8,0.000147853
1*3|1,3|2,-1,(1*3|1)=(1*3|2)>(3|2),(1*3|1)=(1*3|2)-(3|2),2,2,0,8.0,5.1,2.9,7.5956e-5
1*3|1,4|2,-1,(1*3|1)+(1*3*4|1)=(1*3*4|2)>(4|2),(1*3|1)=(1*3|2)-(3|2)-(|2)+(4|2),4,3,1,12.0,6.1,5.9,0.000106207
1*3|1,5|2,-1,(1*3|1)+(1*3*5|1)=(1*3*5|2)>(1*5|2)>(5|2),(1*3|1)=(1*3|2)-(3|2)-(|2)+(5|2),4,4,0,12.0,6.199999999999999,5.8,0.000132122
1*3|1,2*5|2,0,(1*3|1)=(1*3|2)+(1*3*5|2)+(1*2*3*5|2)>(1*2*5|2)>(2*5|2),(1*3|1)=(1*3|2)-(3|2)-(|2)+(2|2)+(2*5|2),5,5,0,13.0,7.199999999999999,5.8,0.000179151
1*3|1,|3,-2,(1*3|1)=(1*3|2)>(3|2)-(|2)=(|3),(1*3|1)=(1*3|2)=(1*3|3)-(3|3)-(|3),4,4,0,16.0,13.1,2.9,0.000123478
1*3|1,1|3,-1,(1*3|1)-(1|1)=(1|2)=(1|3),(1*3|1)=(1*3|2)=(1*3|3)-(1|3),3,3,0,13.0,13.0,0.0,0.000102565
1*3|1,2|3,-1,(1*3|1)+(1*2*3|1)=(1*2*3|2)>(1*2|2)-(2|2)=(2|3),(1*3|1)=(1*3|2)=(1*3|3)-(3|3)-(|3)+(2|3),5,5,0,17.0,14.1,2.9,0.000210659
1*3|1,3|3,-1,(1*3|1)=(1*3|2)>(3|2)=(3|3),(1*3|1)=(1*3|2)=(1*3|3)-(3|3),3,3,0,13.0,10.1,2.9,9.54e-5
1*3|1,4|3,-1,(1*3|1)+(1*3*4|1)=(1*3*4|2)>(4|2)=(4|3),(1*3|1)=(1*3|2)=(1*3|3)-(3|3)-(|3)+(4|3),5,4,1,17.0,11.1,5.9,0.00012652
1*3|1,5|3,-1,(1*3|1)+(1*3*5|1)=(1*3*5|2)>(1*5|2)>(5|2)=(5|3),(1*3|1)=(1*3|2)=(1*3|3)-(3|3)-(|3)+(5|3),5,5,0,17.0,11.2,5.8,0.000162353
4|1,|1,-1,(4|1)-(|1),(4|1)-(|1),1,1,0,3.0,3.0,0.0,3.5908e-5
4|1,1|1,0,(4|1)+(1*4|1)>(1|1),(4|1)-(|1)+(1|1),2,2,0,4.0,1.1,2.9,7.4872e-5
4|1,2|1,0,(4|1)-(|1)+(2|1),(4|1)-(|1)+(2|1),2,2,0,4.0,4.0,0.0,8.2342e-5
4|1,3|1,0,(4|1)+(3*4|1)>(3|1),(4|1)-(|1)+(3|1),2,2,0,4.0,1.1,2.9,6.9037e-5
4|1,1*3|1,1,(4|1)+(1*4|1)>(1|1)+(1*3|1),(4|1)-(|1)+(1|1)+(1*3|1),3,3,0,5.0,2.1,2.9,8.9327e-5
4|1,5|1,0,(4|1)-(|1)+(5|1),(4|1)-(|1)+(5|1),2,2,0,4.0,4.0,0.0,7.469e-5
4|1,1*5|1,1,(4|1)+(1*4|1)>(1|1)+(1*5|1),(4|1)-(|1)+(1|1)+(1*5|1),3,3,0,5.0,2.1,2.9,8.9328e-5
4|1,4*5|1,1,(4|1)+(4*5|1),(4|1)+(4*5|1),1,1,0,1.0,1.0,0.0,3.4487e-5
4|1,|2,-1,(4|1)-(|1)=(|2),(4|1)=(4|2)-(|2),2,2,0,8.0,8.0,0.0,7.5667e-5
4|1,1|2,0,(4|1)-(|1)+(1|1)=(1|2),(4|1)=(4|2)-(|2)+(1|2),3,3,0,9.0,9.0,0.0,0.000138461
4|1,2|2,0,(4|1)=(4|2)+(2*4|2)>(2|2),(4|1)=(4|2)-(|2)+(2|2),3,3,0,9.0,6.1,2.9,0.000132352
4|1,3|2,0,(4|1)+(3*4|1)>(3|1)=(3|2),(4|1)=(4|2)-(|2)+(3|2),3,3,0,9.0,6.1,2.9,0.00010129
4|1,4|2,0,(4|1)=(4|2),(4|1)=(4|2),1,1,0,5.0,5.0,0.0,3.3139e-5
4|1,5|2,0,(4|1)=(4|2)+(4*5|2)>(5|2),(4|1)=(4|2)-(|2)+(5|2),3,3,0,9.0,6.1,2.9,0.000104992
4|1,2*5|2,1,(4|1)=(4|2)+(4*5|2)>(5|2)+(2*5|2),(4|1)=(4|2)-(|2)+(2|2)+(2*5|2),4,4,0,10.0,7.1,2.9,0.00014562
4|1,|3,-1,(4|1)-(|1)=(|2)=(|3),(4|1)=(4|2)=(4|3)-(|3),3,3,0,13.0,13.0,0.0,0.000113189
4|1,1|3,0,(4|1)-(|1)+(1|1)=(1|2)=(1|3),(4|1)=(4|2)=(4|3)-(|3)+(1|3),4,4,0,14.0,14.0,0.0,0.000160602
4|1,2|3,0,(4|1)=(4|2)+(2*4|2)>(2|2)=(2|3),(4|1)=(4|2)=(4|3)-(|3)+(2|3),4,4,0,14.0,11.1,2.9,0.0001593
4|1,3|3,0,(4|1)+(3*4|1)>(3|1)=(3|2)=(3|3),(4|1)=(4|2)=(4|3)-(|3)+(3|3),4,4,0,14.0,11.1,2.9,0.000109421
4|1,4|3,0,(4|1)=(4|2)=(4|3),(4|1)=(4|2)=(4|3),2,2,0,10.0,10.0,0.0,5.3095e-5
4|1,5|3,0,(4|1)=(4|2)+(4*5|2)>(5|2)=(5|3),(4|1)=(4|2)=(4|3)-(|3)+(5|3),4,4,0,14.0,11.1,2.9,0.000108906
5|1,|1,-1,(5|1)-(|1),(5|1)-(|1),1,1,0,3.0,3.0,0.0,3.5291e-5
5|1,1|1,0,(5|1)-(|1)+(1|1),(5|1)-(|1)+(1|1),2,2,0,4.0,4.0,0.0,7.7809e-5
5|1,2|1,0,(5|1)-(|1)+(2|1),(5|1)-(|1)+(2|1),2,2,0,4.0,4.0,0.0,6.9633e-5
5|1,3|1,0,(5|1)+(3*5|1)>(3|1),(5|1)-(|1)+(3|1),2,2,0,4.0,1.1,2.9,7.1774e-5
5|1,1*3|1,1,(5|1)+(3*5|1)>(3|1)+(1*3|1),(5|1)-(|1)+(1|1)+(1*3|1),3,3,0,5.0,2.1,2.9,0.000114321
5|1,4|1,0,(5|1)-(|1)+(4|1),(5|1)-(|1)+(4|1),2,2,0,4.0,4.0,0.0,7.7783e-5
5|1,1*5|1,1,(5|1)+(1*5|1),(5|1)+(1*5|1),1,1,0,1.0,1.0,0.0,3.6584e-5
5|1,4*5|1,1,(5|1)+(4*5|1),(5|1)+(4*5|1),1,1,0,1.0,1.0,0.0,3.9017e-5
5|1,|2,-1,(5|1)-(|1)=(|2),(5|1)=(5|2)-(|2),2,2,0,8.0,8.0,0.0,7.1839e-5
5|1,1|2,0,(5|1)-(|1)+(1|1)=(1|2),(5|1)=(5|2)-(|2)+(1|2),3,3,0,9.0,9.0,0.0,0.000128004
5|1,2|2,0,(5|1)-(|1)+(2|1)=(2|2),(5|1)=(5|2)-(|2)+(2|2),3,3,0,9.0,9.0,0.0,0.000139403
5|1,3|2,0,(5|1)+(3*5|1)>(3|1)=(3|2),(5|1)=(5|2)-(|2)+(3|2),3,3,0,9.0,6.1,2.9,9.9139e-5
5|1,4|2,0,(5|1)=(5|2)+(4*5|2)-(4|2),(5|1)=(5|2)-(|2)+(4|2),3,3,0,9.0,9.0,0.0,0.00013004
5|1,5|2,0,(5|1)=(5|2),(5|1)=(5|2),1,1,0,5.0,5.0,0.0,3.7272e-5
5|1,2*5|2,1,(5|1)+(2*5|1)=(2*5|2),(5|1)=(5|2)+(2*5|2),2,2,0,6.0,6.0,0.0,7.2396e-5
5|1,|3,-1,(5|1)-(|1)=(|2)=(|3),(5|1)=(5|2)=(5|3)-(|3),3,3,0,13.0,13.0,0.0,0.000100563
5|1,1|3,0,(5|1)-(|1)+(1|1)=(1|2)=(1|3),(5|1)=(5|2)=(5|3)-(|3)+(1|3),4,4,0,14.0,14.0,0.0,0.000168989
5|1,2|3,0,(5|1)=(5|2)=(5|3)+(2*5|3)-(2|3),(5|1)=(5|2)=(5|3)-(|3)+(2|3),4,4,0,14.0,14.0,0.0,0.000163917
5|1,3|3,0,(5|1)+(3*5|1)>(3|1)=(3|2)=(3|3),(5|1)=(5|2)=(5|3)-(|3)+(3|3),4,4,0,14.0,11.1,2.9,0.000113866
5|1,4|3,0,(5|1)=(5|2)+(4*5|2)=(4*5|3)-(4|3),(5|1)=(5|2)=(5|3)-(|3)+(4|3),4,4,0,14.0,14.0,0.0,0.000165995
5|1,5|3,0,(5|1)=(5|2)=(5|3),(5|1)=(5|2)=(5|3),2,2,0,10.0,10.0,0.0,5.4366e-5
1*5|1,|1,-2,(1*5|1)+(1*3*5|1)+(1*3*4*5|1)>(3*4|1)>(3|1)-(|1),(1*5|1)-(5|1)-(|1),2,5,-3,6.0,5.2,0.8,0.000201764
1*5|1,1|1,-1,(1*5|1)-(1|1),(1*5|1)-(1|1),1,1,0,3.0,3.0,0.0,3.3681e-5
1*5|1,2|1,-1,(1*5|1)+(1*3*5|1)+(1*3*4*5|1)>(3*4|1)>(3|1)-(|1)+(2|1),(1*5|1)-(5|1)-(|1)+(2|1),3,6,-3,7.0,6.2,0.8,0.000241396
1*5|1,3|1,-1,(1*5|1)+(1*3*5|1)>(1*3|1)-(3|1),(1*5|1)-(5|1)-(|1)+(3|1),3,3,0,7.0,4.1,2.9,8.2664e-5
1*5|1,1*3|1,0,(1*5|1)+(1*3*5|1)>(1*3|1),(1*5|1)-(1|1)+(1*3|1),2,2,0,4.0,1.1,2.9,7.3162e-5
1*5|1,4|1,-1,(1*5|1)+(1*4*5|1)+(1*2*4*5|1)>(4*5|1)-(4|1),(1*5|1)-(5|1)-(|1)+(4|1),3,4,-1,7.0,5.1,1.9,0.000170458
1*5|1,5|1,-1,(1*5|1)-(5|1),(1*5|1)-(5|1),1,1,0,3.0,3.0,0.0,3.6e-5
1*5|1,4*5|1,0,(1*5|1)-(5|1)+(4*5|1),(1*5|1)-(5|1)+(4*5|1),2,2,0,4.0,4.0,0.0,7.364e-5
1*5|1,|2,-2,(1*5|1)=(1*5|2)>(5|2)-(|2),(1*5|1)=(1*5|2)-(5|2)-(|2),3,3,0,11.0,8.1,2.9,8.0736e-5
1*5|1,1|2,-1,(1*5|1)-(1|1)=(1|2),(1*5|1)=(1*5|2)-(1|2),2,2,0,8.0,8.0,0.0,8.3232e-5
1*5|1,2|2,-1,(1*5|1)+(1*2*5|1)=(1*2*5|2)>(2*5|2)-(2|2),(1*5|1)=(1*5|2)-(5|2)-(|2)+(2|2),4,4,0,12.0,9.1,2.9,0.000132627
1*5|1,3|2,-1,(1*5|1)+(1*3*5|1)>(1*3|1)=(1*3|2)>(3|2),(1*5|1)=(1*5|2)-(5|2)-(|2)+(3|2),4,4,0,12.0,6.199999999999999,5.8,0.000141318
1*5|1,4|2,-1,(1*5|1)+(1*4*5|1)=(1*4*5|2)>(4*5|2)-(4|2),(1*5|1)=(1*5|2)-(5|2)-(|2)+(4|2),4,4,0,12.0,9.1,2.9,0.000134955
1*5|1,5|2,-1,(1*5|1)=(1*5|2)>(5|2),(1*5|1)=(1*5|2)-(5|2),2,2,0,8.0,5.1,2.9,7.3861e-5
1*5|1,2*5|2,0,(1*5|1)=(1*5|2)>(5|2)+(2*5|2),(1*5|1)=(1*5|2)-(5|2)+(2*5|2),3,3,0,9.0,6.1,2.9,9.7693e-5
1*5|1,|3,-2,(1*5|1)=(1*5|2)=(1*5|3)>(5|3)-(|3),(1*5|1)=(1*5|2)=(1*5|3)-(5|3)-(|3),4,4,0,16.0,13.1,2.9,0.000123228
1*5|1,1|3,-1,(1*5|1)-(1|1)=(1|2)=(1|3),(1*5|1)=(1*5|2)=(1*5|3)-(1|3),3,3,0,13.0,13.0,0.0,0.000102309
1*5|1,2|3,-1,(1*5|1)+(1*2*5|1)=(1*2*5|2)>(2*5|2)-(2|2)=(2|3),(1*5|1)=(1*5|2)=(1*5|3)-(5|3)-(|3)+(2|3),5,5,0,17.0,14.1,2.9,0.000176807
1*5|1,3|3,-1,(1*5|1)+(1*3*5|1)=(1*3*5|2)=(1*3*5|3)>(3|3),(1*5|1)=(1*5|2)=(1*5|3)-(5|3)-(|3)+(3|3),5,4,1,17.0,11.1,5.9,0.000129409
1*5|1,4|3,-1,(1*5|1)+(1*4*5|1)=(1*4*5|2)>(4*5|2)-(4|2)=(4|3),(1*5|1)=(1*5|2)=(1*5|3)-(5|3)-(|3)+(4|3),5,5,0,17.0,14.1,2.9,0.000176319
1*5|1,5|3,-1,(1*5|1)=(1*5|2)>(5|2)=(5|3),(1*5|1)=(1*5|2)=(1*5|3)-(5|3),3,3,0,13.0,10.1,2.9,9.8298e-5
4*5|1,|1,-2,(4*5|1)+(3*4*5|1)>(3|1)-(|1),(4*5|1)-(5|1)-(|1),2,3,-1,6.0,4.1,1.9,0.000123196
4*5|1,1|1,-1,(4*5|1)+(1*4*5|1)>(1*5|1)-(1|1),(4*5|1)-(5|1)-(|1)+(1|1),3,3,0,7.0,4.1,2.9,7.5654e-5
4*5|1,2|1,-1,(4*5|1)+(3*4*5|1)>(3|1)-(|1)+(2|1),(4*5|1)-(5|1)-(|1)+(2|1),3,4,-1,7.0,5.1,1.9,0.000169931
4*5|1,3|1,-1,(4*5|1)+(3*4*5|1)>(3|1),(4*5|1)-(5|1)-(|1)+(3|1),3,2,1,7.0,1.1,5.9,6.3122e-5
4*5|1,1*3|1,0,(4*5|1)+(3*4*5|1)>(3|1)+(1*3|1),(4*5|1)-(5|1)-(|1)+(1|1)+(1*3|1),4,3,1,8.0,2.1,5.9,0.000102894
4*5|1,4|1,-1,(4*5|1)-(4|1),(4*5|1)-(4|1),1,1,0,3.0,3.0,0.0,3.5069e-5
4*5|1,5|1,-1,(4*5|1)-(5|1),(4*5|1)-(5|1),1,1,0,3.0,3.0,0.0,3.2641e-5
4*5|1,1*5|1,0,(4*5|1)+(1*4*5|1)>(1*5|1),(4*5|1)-(5|1)+(1*5|1),2,2,0,4.0,1.1,2.9,7.1526e-5
4*5|1,|2,-2,(4*5|1)=(4*5|2)>(5|2)-(|2),(4*5|1)=(4*5|2)-(5|2)-(|2),3,3,0,11.0,8.1,2.9,8.2678e-5
4*5|1,1|2,-1,(4*5|1)+(1*4*5|1)>(1*5|1)=(1*5|2)-(1|2),(4*5|1)=(4*5|2)-(5|2)-(|2)+(1|2),4,4,0,12.0,9.1,2.9,0.000159077
4*5|1,2|2,-1,(4*5|1)+(2*4*5|1)=(2*4*5|2)>(2*5|2)-(2|2),(4*5|1)=(4*5|2)-(5|2)-(|2)+(2|2),4,4,0,12.0,9.1,2.9,0.00014208
4*5|1,3|2,-1,(4*5|1)+(3*4*5|1)>(3|1)=(3|2),(4*5|1)=(4*5|2)-(5|2)-(|2)+(3|2),4,3,1,12.0,6.1,5.9,8.2969e-5
4*5|1,4|2,-1,(4*5|1)-(4|1)=(4|2),(4*5|1)=(4*5|2)-(4|2),2,2,0,8.0,8.0,0.0,7.0729e-5
4*5|1,5|2,-1,(4*5|1)=(4*5|2)>(5|2),(4*5|1)=(4*5|2)-(5|2),2,2,0,8.0,5.1,2.9,7.8439e-5
4*5|1,2*5|2,0,(4*5|1)=(4*5|2)>(5|2)+(2*5|2),(4*5|1)=(4*5|2)-(5|2)+(2*5|2),3,3,0,9.0,6.1,2.9,8.8119e-5
4*5|1,|3,-2,(4*5|1)=(4*5|2)>(5|2)-(|2)=(|3),(4*5|1)=(4*5|2)=(4*5|3)-(5|3)-(|3),4,4,0,16.0,13.1,2.9,0.000122207
4*5|1,1|3,-1,(4*5|1)+(1*4*5|1)>(1*5|1)-(1|1)=(1|2)=(1|3),(4*5|1)=(4*5|2)=(4*5|3)-(5|3)-(|3)+(1|3),5,5,0,17.0,14.1,2.9,0.000233102
4*5|1,2|3,-1,(4*5|1)+(2*4*5|1)=(2*4*5|2)>(2*5|2)-(2|2)=(2|3),(4*5|1)=(4*5|2)=(4*5|3)-(5|3)-(|3)+(2|3),5,5,0,17.0,14.1,2.9,0.000178025
4*5|1,3|3,-1,(4*5|1)+(3*4*5|1)>(3|1)=(3|2)=(3|3),(4*5|1)=(4*5|2)=(4*5|3)-(5|3)-(|3)+(3|3),5,4,1,17.0,11.1,5.9,9.628e-5
4*5|1,4|3,-1,(4*5|1)-(4|1)=(4|2)=(4|3),(4*5|1)=(4*5|2)=(4*5|3)-(4|3),3,3,0,13.0,13.0,0.0,0.000104989
4*5|1,5|3,-1,(4*5|1)=(4*5|2)>(5|2)=(5|3),(4*5|1)=(4*5|2)=(4*5|3)-(5|3),3,3,0,13.0,10.1,2.9,8.8883e-5
|2,|1,0,(|2)=(|1),(|2)=(|1),1,1,0,5.0,5.0,0.0,2.9365e-5
|2,1|1,1,(|2)=(|1)+(1|1),(|2)=(|1)+(1|1),2,2,0,6.0,6.0,0.0,8.0133e-5
|2,2|1,1,(|2)=(|1)+(2|1),(|2)=(|1)+(2|1),2,2,0,6.0,6.0,0.0,7.305e-5
|2,3|1,1,(|2)=(|1)+(3|1),(|2)=(|1)+(3|1),2,2,0,6.0,6.0,0.0,7.6802e-5
|2,1*3|1,2,(|2)=(|1)+(1|1)+(1*3|1),(|2)=(|1)+(1|1)+(1*3|1),3,3,0,7.0,7.0,0.0,0.000127044
|2,4|1,1,(|2)=(|1)+(4|1),(|2)=(|1)+(4|1),2,2,0,6.0,6.0,0.0,7.8005e-5
|2,5|1,1,(|2)=(|1)+(5|1),(|2)=(|1)+(5|1),2,2,0,6.0,6.0,0.0,7.4083e-5
|2,1*5|1,2,(|2)=(|1)+(1|1)+(1*5|1),(|2)=(|1)+(1|1)+(1*5|1),3,3,0,7.0,7.0,0.0,0.000125514
|2,4*5|1,2,(|2)=(|1)+(5|1)+(4*5|1),(|2)=(|1)+(4|1)+(4*5|1),3,3,0,7.0,7.0,0.0,0.000140937
|2,1|2,1,(|2)+(1|2),(|2)+(1|2),1,1,0,1.0,1.0,0.0,3.7229e-5
|2,2|2,1,(|2)+(2|2),(|2)+(2|2),1,1,0,1.0,1.0,0.0,3.9232e-5
|2,3|2,1,(|2)+(3|2),(|2)+(3|2),1,1,0,1.0,1.0,0.0,4.1283e-5
|2,4|2,1,(|2)+(4|2),(|2)+(4|2),1,1,0,1.0,1.0,0.0,3.9565e-5
|2,5|2,1,(|2)+(5|2),(|2)+(5|2),1,1,0,1.0,1.0,0.0,3.9072e-5
|2,2*5|2,2,(|2)+(2|2)+(2*5|2),(|2)+(2|2)+(2*5|2),2,2,0,2.0,2.0,0.0,8.5819e-5
|2,|3,0,(|2)=(|3),(|2)=(|3),1,1,0,5.0,5.0,0.0,3.1677e-5
|2,1|3,1,(|2)+(1|2)=(1|3),(|2)=(|3)+(1|3),2,2,0,6.0,6.0,0.0,7.068e-5
|2,2|3,1,(|2)+(2|2)=(2|3),(|2)=(|3)+(2|3),2,2,0,6.0,6.0,0.0,7.2244e-5
|2,3|3,1,(|2)+(3|2)=(3|3),(|2)=(|3)+(3|3),2,2,0,6.0,6.0,0.0,7.2801e-5
|2,4|3,1,(|2)+(4|2)=(4|3),(|2)=(|3)+(4|3),2,2,0,6.0,6.0,0.0,7.5756e-5
|2,5|3,1,(|2)+(5|2)=(5|3),(|2)=(|3)+(5|3),2,2,0,6.0,6.0,0.0,7.0129e-5
1|2,|1,-1,(1|2)=(1|1)-(|1),(1|2)=(1|1)-(|1),2,2,0,8.0,8.0,0.0,7.8302e-5
1|2,1|1,0,(1|2)=(1|1),(1|2)=(1|1),1,1,0,5.0,5.0,0.0,3.1345e-5
1|2,2|1,0,(1|2)=(1|1)-(|1)+(2|1),(1|2)=(1|1)-(|1)+(2|1),3,3,0,9.0,9.0,0.0,0.000106235
1|2,3|1,0,(1|2)=(1|1)-(|1)+(3|1),(1|2)=(1|1)-(|1)+(3|1),3,3,0,9.0,9.0,0.0,0.000143197
1|2,1*3|1,1,(1|2)=(1|1)+(1*3|1),(1|2)=(1|1)+(1*3|1),2,2,0,6.0,6.0,0.0,7.3462e-5
1|2,4|1,0,(1|2)=(1|1)-(|1)+(4|1),(1|2)=(1|1)-(|1)+(4|1),3,3,0,9.0,9.0,0.0,0.000130358
1|2,5|1,0,(1|2)+(1*5|2)>(5|2)=(5|1),(1|2)=(1|1)-(|1)+(5|1),3,3,0,9.0,6.1,2.9,8.8164e-5
1|2,1*5|1,1,(1|2)=(1|1)+(1*5|1),(1|2)=(1|1)+(1*5|1),2,2,0,6.0,6.0,0.0,7.4199e-5
1|2,4*5|1,1,(1|2)+(1*5|2)>(5|2)=(5|1)+(4*5|1),(1|2)=(1|1)-(|1)+(4|1)+(4*5|1),4,4,0,10.0,7.1,2.9,0.000113135
1|2,|2,-1,(1|2)-(|2),(1|2)-(|2),1,1,0,3.0,3.0,0.0,4.8548e-5
1|2,2|2,0,(1|2)-(|2)+(2|2),(1|2)-(|2)+(2|2),2,2,0,4.0,4.0,0.0,8.368e-5
1|2,3|2,0,(1|2)+(1*3|2)>(3|2),(1|2)-(|2)+(3|2),2,2,0,4.0,1.1,2.9,8.0922e-5
1|2,4|2,0,(1|2)+(1*4|2)>(4|2),(1|2)-(|2)+(4|2),2,2,0,4.0,1.1,2.9,8.5112e-5
1|2,5|2,0,(1|2)+(1*5|2)>(5|2),(1|2)-(|2)+(5|2),2,2,0,4.0,1.1,2.9,8.4293e-5
1|2,2*5|2,1,(1|2)+(1*5|2)>(5|2)+(2*5|2),(1|2)-(|2)+(2|2)+(2*5|2),3,3,0,5.0,2.1,2.9,0.00011703
1|2,|3,-1,(1|2)-(|2)=(|3),(1|2)=(1|3)-(|3),2,2,0,8.0,8.0,0.0,6.8608e-5
1|2,1|3,0,(1|2)=(1|3),(1|2)=(1|3),1,1,0,5.0,5.0,0.0,3.592e-5
1|2,2|3,0,(1|2)-(|2)=(|3)+(2|3),(1|2)=(1|3)-(|3)+(2|3),3,3,0,9.0,9.0,0.0,0.000126904
1|2,3|3,0,(1|2)+(1*3|2)>(3|2)=(3|3),(1|2)=(1|3)-(|3)+(3|3),3,3,0,9.0,6.1,2.9,0.000127923
1|2,4|3,0,(1|2)=(1|3)+(1*4|3)>(4|3),(1|2)=(1|3)-(|3)+(4|3),3,3,0,9.0,6.1,2.9,0.000104277
1|2,5|3,0,(1|2)+(1*5|2)>(5|2)=(5|3),(1|2)=(1|3)-(|3)+(5|3),3,3,0,9.0,6.1,2.9,0.000110637
2|2,|1,-1,(2|2)=(2|1)-(|1),(2|2)=(2|1)-(|1),2,2,0,8.0,8.0,0.0,7.6579e-5
2|2,1|1,0,(2|2)+(1*2|2)>(1|2)=(1|1),(2|2)=(2|1)-(|1)+(1|1),3,3,0,9.0,6.1,2.9,0.000100121
2|2,2|1,0,(2|2)=(2|1),(2|2)=(2|1),1,1,0,5.0,5.0,0.0,3.3444e-5
2|2,3|1,0,(2|2)=(2|1)+(2*3|1)>(3|1),(2|2)=(2|1)-(|1)+(3|1),3,3,0,9.0,6.1,2.9,0.000134153
2|2,1*3|1,1,(2|2)+(1*2|2)>(1|2)=(1|1)+(1*3|1),(2|2)=(2|1)-(|1)+(1|1)+(1*3|1),4,4,0,10.0,7.1,2.9,0.000122621
2|2,4|1,0,(2|2)=(2|1)+(2*4|1)>(4|1),(2|2)=(2|1)-(|1)+(4|1),3,3,0,9.0,6.1,2.9,0.000132985
2|2,5|1,0,(2|2)=(2|1)+(2*5|1)>(5|1),(2|2)=(2|1)-(|1)+(5|1),3,3,0,9.0,6.1,2.9,0.000111772
2|2,1*5|1,1,(2|2)+(1*2|2)>(1|2)=(1|1)+(1*5|1),(2|2)=(2|1)-(|1)+(1|1)+(1*5|1),4,4,0,10.0,7.1,2.9,0.000125638
2|2,4*5|1,1,(2|2)=(2|1)+(2*5|1)>(5|1)+(4*5|1),(2|2)=(2|1)-(|1)+(4|1)+(4*5|1),4,4,0,10.0,7.1,2.9,0.000110445
2|2,|2,-1,(2|2)-(|2),(2|2)-(|2),1,1,0,3.0,3.0,0.0,3.9194e-5
2|2,1|2,0,(2|2)+(1*2|2)>(1|2),(2|2)-(|2)+(1|2),2,2,0,4.0,1.1,2.9,8.264e-5
2|2,3|2,0,(2|2)-(|2)+(3|2),(2|2)-(|2)+(3|2),2,2,0,4.0,4.0,0.0,9.0477e-5
2|2,4|2,0,(2|2)-(|2)+(4|2),(2|2)-(|2)+(4|2),2,2,0,4.0,4.0,0.0,7.9699e-5
2|2,5|2,0,(2|2)-(|2)+(5|2),(2|2)-(|2)+(5|2),2,2,0,4.0,4.0,0.0,9.0086e-5
2|2,2*5|2,1,(2|2)+(2*5|2),(2|2)+(2*5|2),1,1,0,1.0,1.0,0.0,3.8165e-5
2|2,|3,-1,(2|2)-(|2)=(|3),(2|2)=(2|3)-(|3),2,2,0,8.0,8.0,0.0,7.6556e-5
2|2,1|3,0,(2|2)+(1*2|2)>(1|2)=(1|3),(2|2)=(2|3)-(|3)+(1|3),3,3,0,9.0,6.1,2.9,0.000102923
2|2,2|3,0,(2|2)=(2|3),(2|2)=(2|3),1,1,0,5.0,5.0,0.0,2.9563e-5
2|2,3|3,0,(2|2)-(|2)=(|3)+(3|3),(2|2)=(2|3)-(|3)+(3|3),3,3,0,9.0,9.0,0.0,0.000132048
2|2,4|3,0,(2|2)=(2|3)+(2*4|3)>(4|3),(2|2)=(2|3)-(|3)+(4|3),3,3,0,9.0,6.1,2.9,0.000101976
2|2,5|3,0,(2|2)=(2|3)+(2*5|3)>(5|3),(2|2)=(2|3)-(|3)+(5|3),3,3,0,9.0,6.1,2.9,0.000119859
3|2,|1,-1,(3|2)=(3|1)-(|1),(3|2)=(3|1)-(|1),2,2,0,8.0,8.0,0.0,7.4492e-5
3|2,1|1,0,(3|2)=(3|1)-(|1)+(1|1),(3|2)=(3|1)-(|1)+(1|1),3,3,0,9.0,9.0,0.0,0.000113679
3|2,2|1,0,(3|2)=(3|1)-(|1)+(2|1),(3|2)=(3|1)-(|1)+(2|1),3,3,0,9.0,9.0,0.0,0.000130964
3|2,3|1,0,(3|2)=(3|1),(3|2)=(3|1),1,1,0,5.0,5.0,0.0,3.0315e-5
3|2,1*3|1,1,(3|2)=(3|1)+(1*3|1),(3|2)=(3|1)+(1*3|1),2,2,0,6.0,6.0,0.0,7.2832e-5
3|2,4|1,0,(3|2)=(3|1)-(|1)+(4|1),(3|2)=(3|1)-(|1)+(4|1),3,3,0,9.0,9.0,0.0,0.000129044
3|2,5|1,0,(3|2)=(3|1)-(|1)+(5|1),(3|2)=(3|1)-(|1)+(5|1),3,3,0,9.0,9.0,0.0,0.000135664
3|2,1*5|1,1,(3|2)+(1*3|2)+(1*3*5|2)>(1*5|2)=(1*5|1),(3|2)=(3|1)-(|1)+(1|1)+(1*5|1),4,4,0,10.0,7.1,2.9,0.000142163
3|2,4*5|1,1,(3|2)=(3|1)-(|1)+(4|1)+(4*5|1),(3|2)=(3|1)-(|1)+(4|1)+(4*5|1),4,4,0,10.0,10.0,0.0,0.000139686
3|2,|2,-1,(3|2)-(|2),(3|2)-(|2),1,1,0,3.0,3.0,0.0,3.7088e-5
3|2,1|2,0,(3|2)-(|2)+(1|2),(3|2)-(|2)+(1|2),2,2,0,4.0,4.0,0.0,8.7329e-5
3|2,2|2,0,(3|2)+(2*3|2)>(2|2),(3|2)-(|2)+(2|2),2,2,0,4.0,1.1,2.9,9.0721e-5
3|2,4|2,0,(3|2)-(|2)+(4|2),(3|2)-(|2)+(4|2),2,2,0,4.0,4.0,0.0,8.4607e-5
3|2,5|2,0,(3|2)-(|2)+(5|2),(3|2)-(|2)+(5|2),2,2,0,4.0,4.0,0.0,8.1848e-5
3|2,2*5|2,1,(3|2)+(2*3|2)>(2|2)+(2*5|2),(3|2)-(|2)+(2|2)+(2*5|2),3,3,0,5.0,2.1,2.9,0.000118421
3|2,|3,-1,(3|2)-(|2)=(|3),(3|2)=(3|3)-(|3),2,2,0,8.0,8.0,0.0,7.6171e-5
3|2,1|3,0,(3|2)-(|2)=(|3)+(1|3),(3|2)=(3|3)-(|3)+(1|3),3,3,0,9.0,9.0,0.0,0.000136252
3|2,2|3,0,(3|2)=(3|3)+(2*3|3)>(2|3),(3|2)=(3|3)-(|3)+(2|3),3,3,0,9.0,6.1,2.9,0.000102362
3|2,3|3,0,(3|2)=(3|3),(3|2)=(3|3),1,1,0,5.0,5.0,0.0,3.1893e-5
3|2,4|3,0,(3|2)=(3|3)+(3*4|3)>(4|3),(3|2)=(3|3)-(|3)+(4|3),3,3,0,9.0,6.1,2.9,0.000102671
3|2,5|3,0,(3|2)-(|2)=(|3)+(5|3),(3|2)=(3|3)-(|3)+(5|3),3,3,0,9.0,9.0,0.0,0.000125039
4|2,|1,-1,(4|2)=(4|1)-(|1),(4|2)=(4|1)-(|1),2,2,0,8.0,8.0,0.0,7.6687e-5
4|2,1|1,0,(4|2)=(4|1)-(|1)+(1|1),(4|2)=(4|1)-(|1)+(1|1),3,3,0,9.0,9.0,0.0,0.000106283
4|2,2|1,0,(4|2)=(4|1)-(|1)+(2|1),(4|2)=(4|1)-(|1)+(2|1),3,3,0,9.0,9.0,0.0,0.000130655
4|2,3|1,0,(4|2)=(4|1)+(3*4|1)>(3|1),(4|2)=(4|1)-(|1)+(3|1),3,3,0,9.0,6.1,2.9,0.00013136
4|2,1*3|1,1,(4|2)+(3*4|2)>(3|2)=(3|1)+(1*3|1),(4|2)=(4|1)-(|1)+(1|1)+(1*3|1),4,4,0,10.0,7.1,2.9,0.000181482
4|2,4|1,0,(4|2)=(4|1),(4|2)=(4|1),1,1,0,5.0,5.0,0.0,3.1084e-5
4|2,5|1,0,(4|2)+(4*5|2)>(5|2)=(5|1),(4|2)=(4|1)-(|1)+(5|1),3,3,0,9.0,6.1,2.9,8.5955e-5
4|2,1*5|1,1,(4|2)+(4*5|2)>(5|2)=(5|1)+(1*5|1),(4|2)=(4|1)-(|1)+(1|1)+(1*5|1),4,4,0,10.0,7.1,2.9,0.000131052
4|2,4*5|1,1,(4|2)=(4|1)+(4*5|1),(4|2)=(4|1)+(4*5|1),2,2,0,6.0,6.0,0.0,6.9186e-5
4|2,|2,-1,(4|2)-(|2),(4|2)-(|2),1,1,0,3.0,3.0,0.0,3.7987e-5
4|2,1|2,0,(4|2)-(|2)+(1|2),(4|2)-(|2)+(1|2),2,2,0,4.0,4.0,0.0,9.0411e-5
4|2,2|2,0,(4|2)+(2*4|2)>(2|2),(4|2)-(|2)+(2|2),2,2,0,4.0,1.1,2.9,8.1717e-5
4|2,3|2,0,(4|2)+(3*4|2)>(3|2),(4|2)-(|2)+(3|2),2,2,0,4.0,1.1,2.9,8.4109e-5
4|2,5|2,0,(4|2)+(4*5|2)>(5|2),(4|2)-(|2)+(5|2),2,2,0,4.0,1.1,2.9,8.1645e-5
4|2,2*5|2,1,(4|2)+(4*5|2)>(5|2)+(2*5|2),(4|2)-(|2)+(2|2)+(2*5|2),3,3,0,5.0,2.1,2.9,0.000103916
4|2,|3,-1,(4|2)-(|2)=(|3),(4|2)=(4|3)-(|3),2,2,0,8.0,8.0,0.0,7.9876e-5
4|2,1|3,0,(4|2)-(|2)=(|3)+(1|3),(4|2)=(4|3)-(|3)+(1|3),3,3,0,9.0,9.0,0.0,0.000135036
4|2,2|3,0,(4|2)+(2*4|2)>(2|2)=(2|3),(4|2)=(4|3)-(|3)+(2|3),3,3,0,9.0,6.1,2.9,0.000132004
4|2,3|3,0,(4|2)+(3*4|2)>(3|2)=(3|3),(4|2)=(4|3)-(|3)+(3|3),3,3,0,9.0,6.1,2.9,0.000127675
4|2,4|3,0,(4|2)=(4|3),(4|2)=(4|3),1,1,0,5.0,5.0,0.0,3.4068e-5
4|2,5|3,0,(4|2)+(4*5|2)>(5|2)=(5|3),(4|2)=(4|3)-(|3)+(5|3),3,3,0,9.0,6.1,2.9,0.000103171
5|2,|1,-1,(5|2)=(5|1)-(|1),(5|2)=(5|1)-(|1),2,2,0,8.0,8.0,0.0,7.722e-5
5|2,1|1,0,(5|2)=(5|1)-(|1)+(1|1),(5|2)=(5|1)-(|1)+(1|1),3,3,0,9.0,9.0,0.0,0.000105188
5|2,2|1,0,(5|2)=(5|1)-(|1)+(2|1),(5|2)=(5|1)-(|1)+(2|1),3,3,0,9.0,9.0,0.0,0.000129614
5|2,3|1,0,(5|2)=(5|1)+(3*5|1)>(3|1),(5|2)=(5|1)-(|1)+(3|1),3,3,0,9.0,6.1,2.9,0.000128831
5|2,1*3|1,1,(5|2)+(3*5|2)>(3|2)=(3|1)+(1*3|1),(5|2)=(5|1)-(|1)+(1|1)+(1*3|1),4,4,0,10.0,7.1,2.9,0.000189032
5|2,4|1,0,(5|2)=(5|1)-(|1)+(4|1),(5|2)=(5|1)-(|1)+(4|1),3,3,0,9.0,9.0,0.0,0.000128516
5|2,5|1,0,(5|2)=(5|1),(5|2)=(5|1),1,1,0,5.0,5.0,0.0,3.1767e-5
5|2,1*5|1,1,(5|2)=(5|1)+(1*5|1),(5|2)=(5|1)+(1*5|1),2,2,0,6.0,6.0,0.0,7.3712e-5
5|2,4*5|1,1,(5|2)=(5|1)+(4*5|1),(5|2)=(5|1)+(4*5|1),2,2,0,6.0,6.0,0.0,7.3635e-5
5|2,|2,-1,(5|2)-(|2),(5|2)-(|2),1,1,0,3.0,3.0,0.0,3.956e-5
5|2,1|2,0,(5|2)-(|2)+(1|2),(5|2)-(|2)+(1|2),2,2,0,4.0,4.0,0.0,8.7526e-5
5|2,2|2,0,(5|2)-(|2)+(2|2),(5|2)-(|2)+(2|2),2,2,0,4.0,4.0,0.0,8.6009e-5
5|2,3|2,0,(5|2)+(3*5|2)>(3|2),(5|2)-(|2)+(3|2),2,2,0,4.0,1.1,2.9,8.376e-5
5|2,4|2,0,(5|2)-(|2)+(4|2),(5|2)-(|2)+(4|2),2,2,0,4.0,4.0,0.0,8.4238e-5
5|2,2*5|2,1,(5|2)+(2*5|2),(5|2)+(2*5|2),1,1,0,1.0,1.0,0.0,3.8814e-5
5|2,|3,-1,(5|2)-(|2)=(|3),(5|2)=(5|3)-(|3),2,2,0,8.0,8.0,0.0,7.309e-5
5|2,1|3,0,(5|2)-(|2)=(|3)+(1|3),(5|2)=(5|3)-(|3)+(1|3),3,3,0,9.0,9.0,0.0,0.00012558
5|2,2|3,0,(5|2)-(|2)=(|3)+(2|3),(5|2)=(5|3)-(|3)+(2|3),3,3,0,9.0,9.0,0.0,0.000132353
5|2,3|3,0,(5|2)=(5|3)+(3*5|3)>(3|3),(5|2)=(5|3)-(|3)+(3|3),3,3,0,9.0,6.1,2.9,0.000101906
5|2,4|3,0,(5|2)-(|2)=(|3)+(4|3),(5|2)=(5|3)-(|3)+(4|3),3,3,0,9.0,9.0,0.0,0.000134092
5|2,5|3,0,(5|2)=(5|3),(5|2)=(5|3),1,1,0,5.0,5.0,0.0,3.0314e-5
2*5|2,|1,-2,(2*5|2)=(2*5|1)>(5|1)-(|1),(2*5|2)=(2*5|1)-(5|1)-(|1),3,3,0,11.0,8.1,2.9,8.0726e-5
2*5|2,1|1,-1,(2*5|2)=(2*5|1)+(1*2*5|1)>(1*5|1)-(1|1),(2*5|2)=(2*5|1)-(5|1)-(|1)+(1|1),4,4,0,12.0,9.1,2.9,0.000129709
2*5|2,2|1,-1,(2*5|2)=(2*5|1)-(2|1),(2*5|2)=(2*5|1)-(2|1),2,2,0,8.0,8.0,0.0,7.4964e-5
2*5|2,3|1,-1,(2*5|2)+(2*3*5|2)>(3|2)=(3|1),(2*5|2)=(2*5|1)-(5|1)-(|1)+(3|1),4,3,1,12.0,6.1,5.9,0.000102721
2*5|2,1*3|1,0,(2*5|2)+(2*3*5|2)>(3|2)=(3|1)+(1*3|1),(2*5|2)=(2*5|1)-(5|1)-(|1)+(1|1)+(1*3|1),5,4,1,13.0,7.1,5.9,0.000164179
2*5|2,4|1,-1,(2*5|2)=(2*5|1)+(2*4*5|1)>(4*5|1)-(4|1),(2*5|2)=(2*5|1)-(5|1)-(|1)+(4|1),4,4,0,12.0,9.1,2.9,0.000128632
2*5|2,5|1,-1,(2*5|2)=(2*5|1)>(5|1),(2*5|2)=(2*5|1)-(5|1),2,2,0,8.0,5.1,2.9,5.6608e-5
2*5|2,1*5|1,0,(2*5|2)=(2*5|1)>(5|1)+(1*5|1),(2*5|2)=(2*5|1)-(5|1)+(1*5|1),3,3,0,9.0,6.1,2.9,7.6712e-5
2*5|2,4*5|1,0,(2*5|2)=(2*5|1)>(5|1)+(4*5|1),(2*5|2)=(2*5|1)-(5|1)+(4*5|1),3,3,0,9.0,6.1,2.9,7.4074e-5
2*5|2,|2,-2,(2*5|2)+(2*3*5|2)>(3|2)-(|2),(2*5|2)-(5|2)-(|2),2,3,-1,6.0,4.1,1.9,0.000120881
2*5|2,1|2,-1,(2*5|2)+(2*3*5|2)>(3|2)-(|2)+(1|2),(2*5|2)-(5|2)-(|2)+(1|2),3,4,-1,7.0,5.1,1.9,0.000206416
2*5|2,2|2,-1,(2*5|2)-(2|2),(2*5|2)-(2|2),1,1,0,3.0,3.0,0.0,3.7688e-5
2*5|2,3|2,-1,(2*5|2)+(2*3*5|2)>(3|2),(2*5|2)-(5|2)-(|2)+(3|2),3,2,1,7.0,1.1,5.9,7.195e-5
2*5|2,4|2,-1,(2*5|2)+(2*4*5|2)+(2*3*4*5|2)>(3*4|2)-(4|2),(2*5|2)-(5|2)-(|2)+(4|2),3,4,-1,7.0,5.1,1.9,0.000203635
2*5|2,5|2,-1,(2*5|2)-(5|2),(2*5|2)-(5|2),1,1,0,3.0,3.0,0.0,3.7405e-5
2*5|2,|3,-2,(2*5|2)=(2*5|3)>(5|3)-(|3),(2*5|2)=(2*5|3)-(5|3)-(|3),3,3,0,11.0,8.1,2.9,7.5771e-5
2*5|2,1|3,-1,(2*5|2)=(2*5|3)>(5|3)-(|3)+(1|3),(2*5|2)=(2*5|3)-(5|3)-(|3)+(1|3),4,4,0,12.0,9.1,2.9,0.000138879
2*5|2,2|3,-1,(2*5|2)-(2|2)=(2|3),(2*5|2)=(2*5|3)-(2|3),2,2,0,8.0,8.0,0.0,7.3471e-5
2*5|2,3|3,-1,(2*5|2)+(2*3*5|2)>(3|2)=(3|3),(2*5|2)=(2*5|3)-(5|3)-(|3)+(3|3),4,3,1,12.0,6.1,5.9,8.7127e-5
2*5|2,4|3,-1,(2*5|2)+(2*4*5|2)=(2*4*5|3)>(4*5|3)-(4|3),(2*5|2)=(2*5|3)-(5|3)-(|3)+(4|3),4,4,0,12.0,9.1,2.9,0.00013797
2*5|2,5|3,-1,(2*5|2)=(2*5|3)>(5|3),(2*5|2)=(2*5|3)-(5|3),2,2,0,8.0,5.1,2.9,7.5859e-5
|3,|1,0,(|3)=(|2)=(|1),(|3)=(|2)=(|1),2,2,0,10.0,10.0,0.0,5.3112e-5
|3,1|1,1,(|3)=(|2)=(|1)+(1|1),(|3)=(|2)=(|1)+(1|1),3,3,0,11.0,11.0,0.0,0.000104279
|3,2|1,1,(|3)=(|2)=(|1)+(2|1),(|3)=(|2)=(|1)+(2|1),3,3,0,11.0,11.0,0.0,9.9543e-5
|3,3|1,1,(|3)=(|2)=(|1)+(3|1),(|3)=(|2)=(|1)+(3|1),3,3,0,11.0,11.0,0.0,0.000109001
|3,1*3|1,2,(|3)=(|2)=(|1)+(1|1)+(1*3|1),(|3)=(|2)=(|1)+(1|1)+(1*3|1),4,4,0,12.0,12.0,0.0,0.000140915
|3,4|1,1,(|3)=(|2)=(|1)+(4|1),(|3)=(|2)=(|1)+(4|1),3,3,0,11.0,11.0,0.0,9.8807e-5
|3,5|1,1,(|3)=(|2)=(|1)+(5|1),(|3)=(|2)=(|1)+(5|1),3,3,0,11.0,11.0,0.0,9.7005e-5
|3,1*5|1,2,(|3)=(|2)=(|1)+(1|1)+(1*5|1),(|3)=(|2)=(|1)+(1|1)+(1*5|1),4,4,0,12.0,12.0,0.0,0.00014166
|3,4*5|1,2,(|3)=(|2)+(5|2)=(5|1)+(4*5|1),(|3)=(|2)=(|1)+(4|1)+(4*5|1),4,4,0,12.0,12.0,0.0,0.000148791
|3,|2,0,(|3)=(|2),(|3)=(|2),1,1,0,5.0,5.0,0.0,3.3035e-5
|3,1|2,1,(|3)=(|2)+(1|2),(|3)=(|2)+(1|2),2,2,0,6.0,6.0,0.0,7.1955e-5
|3,2|2,1,(|3)=(|2)+(2|2),(|3)=(|2)+(2|2),2,2,0,6.0,6.0,0.0,7.3904e-5
|3,3|2,1,(|3)=(|2)+(3|2),(|3)=(|2)+(3|2),2,2,0,6.0,6.0,0.0,7.508e-5
|3,4|2,1,(|3)=(|2)+(4|2),(|3)=(|2)+(4|2),2,2,0,6.0,6.0,0.0,7.4202e-5
|3,5|2,1,(|3)=(|2)+(5|2),(|3)=(|2)+(5|2),2,2,0,6.0,6.0,0.0,7.5977e-5
|3,2*5|2,2,(|3)+(5|3)+(2*5|3)=(2*5|2),(|3)=(|2)+(2|2)+(2*5|2),3,3,0,7.0,7.0,0.0,0.00012119
|3,1|3,1,(|3)+(1|3),(|3)+(1|3),1,1,0,1.0,1.0,0.0,4.0736e-5
|3,2|3,1,(|3)+(2|3),(|3)+(2|3),1,1,0,1.0,1.0,0.0,3.6205e-5
|3,3|3,1,(|3)+(3|3),(|3)+(3|3),1,1,0,1.0,1.0,0.0,3.3953e-5
|3,4|3,1,(|3)+(4|3),(|3)+(4|3),1,1,0,1.0,1.0,0.0,3.3466e-5
|3,5|3,1,(|3)+(5|3),(|3)+(5|3),1,1,0,1.0,1.0,0.0,3.5673e-5
1|3,|1,-1,(1|3)=(1|2)=(1|1)-(|1),(1|3)=(1|2)=(1|1)-(|1),3,3,0,13.0,13.0,0.0,0.000102517
1|3,1|1,0,(1|3)=(1|2)=(1|1),(1|3)=(1|2)=(1|1),2,2,0,10.0,10.0,0.0,5.4913e-5
1|3,2|1,0,(1|3)=(1|2)=(1|1)-(|1)+(2|1),(1|3)=(1|2)=(1|1)-(|1)+(2|1),4,4,0,14.0,14.0,0.0,0.000149262
1|3,3|1,0,(1|3)=(1|2)=(1|1)-(|1)+(3|1),(1|3)=(1|2)=(1|1)-(|1)+(3|1),4,4,0,14.0,14.0,0.0,0.000141218
1|3,1*3|1,1,(1|3)=(1|2)=(1|1)+(1*3|1),(1|3)=(1|2)=(1|1)+(1*3|1),3,3,0,11.0,11.0,0.0,0.000102761
1|3,4|1,0,(1|3)=(1|2)=(1|1)-(|1)+(4|1),(1|3)=(1|2)=(1|1)-(|1)+(4|1),4,4,0,14.0,14.0,0.0,0.000136849
1|3,5|1,0,(1|3)+(1*5|3)>(5|3)=(5|2)=(5|1),(1|3)=(1|2)=(1|1)-(|1)+(5|1),4,4,0,14.0,11.1,2.9,0.000106688
1|3,1*5|1,1,(1|3)=(1|2)=(1|1)+(1*5|1),(1|3)=(1|2)=(1|1)+(1*5|1),3,3,0,11.0,11.0,0.0,9.8595e-5
1|3,4*5|1,1,(1|3)+(1*5|3)>(5|3)=(5|2)=(5|1)+(4*5|1),(1|3)=(1|2)=(1|1)-(|1)+(4|1)+(4*5|1),5,5,0,15.0,12.1,2.9,0.00015094
1|3,|2,-1,(1|3)=(1|2)-(|2),(1|3)=(1|2)-(|2),2,2,0,8.0,8.0,0.0,7.1693e-5
1|3,1|2,0,(1|3)=(1|2),(1|3)=(1|2),1,1,0,5.0,5.0,0.0,2.8772e-5
1|3,2|2,0,(1|3)=(1|2)-(|2)+(2|2),(1|3)=(1|2)-(|2)+(2|2),3,3,0,9.0,9.0,0.0,9.862e-5
1|3,3|2,0,(1|3)=(1|2)+(1*3|2)>(3|2),(1|3)=(1|2)-(|2)+(3|2),3,3,0,9.0,6.1,2.9,0.000126703
1|3,4|2,0,(1|3)=(1|2)+(1*4|2)>(4|2),(1|3)=(1|2)-(|2)+(4|2),3,3,0,9.0,6.1,2.9,0.00013667
1|3,5|2,0,(1|3)+(1*5|3)>(5|3)=(5|2),(1|3)=(1|2)-(|2)+(5|2),3,3,0,9.0,6.1,2.9,8.7264e-5
1|3,2*5|2,1,(1|3)+(1*5|3)>(5|3)=(5|2)+(2*5|2),(1|3)=(1|2)-(|2)+(2|2)+(2*5|2),4,4,0,10.0,7.1,2.9,0.000111795
1|3,|3,-1,(1|3)-(|3),(1|3)-(|3),1,1,0,3.0,3.0,0.0,3.3531e-5
1|3,2|3,0,(1|3)-(|3)+(2|3),(1|3)-(|3)+(2|3),2,2,0,4.0,4.0,0.0,6.9285e-5
1|3,3|3,0,(1|3)-(|3)+(3|3),(1|3)-(|3)+(3|3),2,2,0,4.0,4.0,0.0,7.4683e-5
1|3,4|3,0,(1|3)+(1*4|3)>(4|3),(1|3)-(|3)+(4|3),2,2,0,4.0,1.1,2.9,6.9404e-5
1|3,5|3,0,(1|3)+(1*5|3)>(5|3),(1|3)-(|3)+(5|3),2,2,0,4.0,1.1,2.9,7.3481e-5
2|3,|1,-1,(2|3)=(2|2)=(2|1)-(|1),(2|3)=(2|2)=(2|1)-(|1),3,3,0,13.0,13.0,0.0,0.000103081
2|3,1|1,0,(2|3)+(1*2|3)>(1|3)=(1|2)=(1|1),(2|3)=(2|2)=(2|1)-(|1)+(1|1),4,4,0,14.0,11.1,2.9,0.000106239
2|3,2|1,0,(2|3)=(2|2)=(2|1),(2|3)=(2|2)=(2|1),2,2,0,10.0,10.0,0.0,5.0348e-5
2|3,3|1,0,(2|3)=(2|2)=(2|1)-(|1)+(3|1),(2|3)=(2|2)=(2|1)-(|1)+(3|1),4,4,0,14.0,14.0,0.0,0.000138799
2|3,1*3|1,1,(2|3)+(1*2|3)>(1|3)=(1|2)=(1|1)+(1*3|1),(2|3)=(2|2)=(2|1)-(|1)+(1|1)+(1*3|1),5,5,0,15.0,12.1,2.9,0.000142322
2|3,4|1,0,(2|3)=(2|2)=(2|1)-(|1)+(4|1),(2|3)=(2|2)=(2|1)-(|1)+(4|1),4,4,0,14.0,14.0,0.0,0.000144415
2|3,5|1,0,(2|3)+(2*5|3)>(5|3)=(5|2)=(5|1),(2|3)=(2|2)=(2|1)-(|1)+(5|1),4,4,0,14.0,11.1,2.9,0.000105873
2|3,1*5|1,1,(2|3)+(2*5|3)>(5|3)=(5|2)=(5|1)+(1*5|1),(2|3)=(2|2)=(2|1)-(|1)+(1|1)+(1*5|1),5,5,0,15.0,12.1,2.9,0.000144838
2|3,4*5|1,1,(2|3)+(2*5|3)>(5|3)=(5|2)=(5|1)+(4*5|1),(2|3)=(2|2)=(2|1)-(|1)+(4|1)+(4*5|1),5,5,0,15.0,12.1,2.9,0.000148535
2|3,|2,-1,(2|3)=(2|2)-(|2),(2|3)=(2|2)-(|2),2,2,0,8.0,8.0,0.0,7.5031e-5
2|3,1|2,0,(2|3)+(1*2|3)>(1|3)=(1|2),(2|3)=(2|2)-(|2)+(1|2),3,3,0,9.0,6.1,2.9,9.0535e-5
2|3,2|2,0,(2|3)=(2|2),(2|3)=(2|2),1,1,0,5.0,5.0,0.0,3.3712e-5
2|3,3|2,0,(2|3)=(2|2)-(|2)+(3|2),(2|3)=(2|2)-(|2)+(3|2),3,3,0,9.0,9.0,0.0,0.000127085
2|3,4|2,0,(2|3)=(2|2)-(|2)+(4|2),(2|3)=(2|2)-(|2)+(4|2),3,3,0,9.0,9.0,0.0,0.000127285
2|3,5|2,0,(2|3)+(2*5|3)>(5|3)=(5|2),(2|3)=(2|2)-(|2)+(5|2),3,3,0,9.0,6.1,2.9,8.7804e-5
2|3,2*5|2,1,(2|3)=(2|2)+(2*5|2),(2|3)=(2|2)+(2*5|2),2,2,0,6.0,6.0,0.0,7.5436e-5
2|3,|3,-1,(2|3)-(|3),(2|3)-(|3),1,1,0,3.0,3.0,0.0,3.3655e-5
2|3,1|3,0,(2|3)+(1*2|3)>(1|3),(2|3)-(|3)+(1|3),2,2,0,4.0,1.1,2.9,6.6897e-5
2|3,3|3,0,(2|3)-(|3)+(3|3),(2|3)-(|3)+(3|3),2,2,0,4.0,4.0,0.0,7.3428e-5
2|3,4|3,0,(2|3)+(2*4|3)>(4|3),(2|3)-(|3)+(4|3),2,2,0,4.0,1.1,2.9,7.1636e-5
2|3,5|3,0,(2|3)+(2*5|3)>(5|3),(2|3)-(|3)+(5|3),2,2,0,4.0,1.1,2.9,7.2069e-5
3|3,|1,-1,(3|3)=(3|2)=(3|1)-(|1),(3|3)=(3|2)=(3|1)-(|1),3,3,0,13.0,13.0,0.0,0.000103668
3|3,1|1,0,(3|3)=(3|2)=(3|1)-(|1)+(1|1),(3|3)=(3|2)=(3|1)-(|1)+(1|1),4,4,0,14.0,14.0,0.0,0.000149725
3|3,2|1,0,(3|3)=(3|2)=(3|1)-(|1)+(2|1),(3|3)=(3|2)=(3|1)-(|1)+(2|1),4,4,0,14.0,14.0,0.0,0.000138089
3|3,3|1,0,(3|3)=(3|2)=(3|1),(3|3)=(3|2)=(3|1),2,2,0,10.0,10.0,0.0,5.2996e-5
3|3,1*3|1,1,(3|3)=(3|2)=(3|1)+(1*3|1),(3|3)=(3|2)=(3|1)+(1*3|1),3,3,0,11.0,11.0,0.0,0.000114085
3|3,4|1,0,(3|3)=(3|2)=(3|1)-(|1)+(4|1),(3|3)=(3|2)=(3|1)-(|1)+(4|1),4,4,0,14.0,14.0,0.0,0.000137206
3|3,5|1,0,(3|3)=(3|2)=(3|1)-(|1)+(5|1),(3|3)=(3|2)=(3|1)-(|1)+(5|1),4,4,0,14.0,14.0,0.0,0.000128046
3|3,1*5|1,1,(3|3)+(3*5|3)+(1*3*5|3)=(1*3*5|2)>(1*5|2)=(1*5|1),(3|3)=(3|2)=(3|1)-(|1)+(1|1)+(1*5|1),5,5,0,15.0,12.1,2.9,0.000204623
3|3,4*5|1,1,(3|3)+(3*5|3)+(3*4*5|3)>(5|3)=(5|2)+(4*5|2)=(4*5|1),(3|3)=(3|2)=(3|1)-(|1)+(4|1)+(4*5|1),5,6,-1,15.0,13.1,1.9,0.000170992
3|3,|2,-1,(3|3)=(3|2)-(|2),(3|3)=(3|2)-(|2),2,2,0,8.0,8.0,0.0,7.5121e-5
3|3,1|2,0,(3|3)=(3|2)-(|2)+(1|2),(3|3)=(3|2)-(|2)+(1|2),3,3,0,9.0,9.0,0.0,9.8516e-5
3|3,2|2,0,(3|3)=(3|2)+(2*3|2)>(2|2),(3|3)=(3|2)-(|2)+(2|2),3,3,0,9.0,6.1,2.9,0.000124648
3|3,3|2,0,(3|3)=(3|2),(3|3)=(3|2),1,1,0,5.0,5.0,0.0,3.1108e-5
3|3,4|2,0,(3|3)=(3|2)-(|2)+(4|2),(3|3)=(3|2)-(|2)+(4|2),3,3,0,9.0,9.0,0.0,0.000128761
3|3,5|2,0,(3|3)=(3|2)-(|2)+(5|2),(3|3)=(3|2)-(|2)+(5|2),3,3,0,9.0,9.0,0.0,0.000124203
3|3,2*5|2,1,(3|3)+(3*5|3)+(2*3*5|3)>(5|3)=(5|2)+(2*5|2),(3|3)=(3|2)-(|2)+(2|2)+(2*5|2),4,5,-1,10.0,8.1,1.9,0.000144426
3|3,|3,-1,(3|3)-(|3),(3|3)-(|3),1,1,0,3.0,3.0,0.0,3.6413e-5
3|3,1|3,0,(3|3)-(|3)+(1|3),(3|3)-(|3)+(1|3),2,2,0,4.0,4.0,0.0,7.0115e-5
3|3,2|3,0,(3|3)+(2*3|3)>(2|3),(3|3)-(|3)+(2|3),2,2,0,4.0,1.1,2.9,7.1946e-5
3|3,4|3,0,(3|3)+(3*4|3)>(4|3),(3|3)-(|3)+(4|3),2,2,0,4.0,1.1,2.9,7.4449e-5
3|3,5|3,0,(3|3)-(|3)+(5|3),(3|3)-(|3)+(5|3),2,2,0,4.0,4.0,0.0,7.6541e-5
4|3,|1,-1,(4|3)=(4|2)=(4|1)-(|1),(4|3)=(4|2)=(4|1)-(|1),3,3,0,13.0,13.0,0.0,0.000104742
4|3,1|1,0,(4|3)=(4|2)=(4|1)+(1*4|1)>(1|1),(4|3)=(4|2)=(4|1)-(|1)+(1|1),4,4,0,14.0,11.1,2.9,0.000132886
4|3,2|1,0,(4|3)=(4|2)=(4|1)-(|1)+(2|1),(4|3)=(4|2)=(4|1)-(|1)+(2|1),4,4,0,14.0,14.0,0.0,0.000139165
4|3,3|1,0,(4|3)=(4|2)=(4|1)-(|1)+(3|1),(4|3)=(4|2)=(4|1)-(|1)+(3|1),4,4,0,14.0,14.0,0.0,0.00014235
4|3,1*3|1,1,(4|3)=(4|2)=(4|1)+(1*4|1)>(1|1)+(1*3|1),(4|3)=(4|2)=(4|1)-(|1)+(1|1)+(1*3|1),5,5,0,15.0,12.1,2.9,0.000160319
4|3,4|1,0,(4|3)=(4|2)=(4|1),(4|3)=(4|2)=(4|1),2,2,0,10.0,10.0,0.0,5.6784e-5
4|3,5|1,0,(4|3)=(4|2)=(4|1)-(|1)+(5|1),(4|3)=(4|2)=(4|1)-(|1)+(5|1),4,4,0,14.0,14.0,0.0,0.000129965
4|3,1*5|1,1,(4|3)=(4|2)=(4|1)+(4*5|1)+(1*4*5|1)>(1*5|1),(4|3)=(4|2)=(4|1)-(|1)+(1|1)+(1*5|1),5,5,0,15.0,12.1,2.9,0.000199719
4|3,4*5|1,1,(4|3)=(4|2)=(4|1)+(4*5|1),(4|3)=(4|2)=(4|1)+(4*5|1),3,3,0,11.0,11.0,0.0,0.000107319
4|3,|2,-1,(4|3)=(4|2)-(|2),(4|3)=(4|2)-(|2),2,2,0,8.0,8.0,0.0,7.1815e-5
4|3,1|2,0,(4|3)=(4|2)-(|2)+(1|2),(4|3)=(4|2)-(|2)+(1|2),3,3,0,9.0,9.0,0.0,0.000103229
4|3,2|2,0,(4|3)=(4|2)+(2*4|2)>(2|2),(4|3)=(4|2)-(|2)+(2|2),3,3,0,9.0,6.1,2.9,0.000135502
4|3,3|2,0,(4|3)=(4|2)+(3*4|2)>(3|2),(4|3)=(4|2)-(|2)+(3|2),3,3,0,9.0,6.1,2.9,0.000127541
4|3,4|2,0,(4|3)=(4|2),(4|3)=(4|2),1,1,0,5.0,5.0,0.0,3.5538e-5
4|3,5|2,0,(4|3)=(4|2)+(4*5|2)>(5|2),(4|3)=(4|2)-(|2)+(5|2),3,3,0,9.0,6.1,2.9,0.000118452
4|3,2*5|2,1,(4|3)=(4|2)-(|2)+(5|2)+(2*5|2),(4|3)=(4|2)-(|2)+(2|2)+(2*5|2),4,4,0,10.0,10.0,0.0,0.00015746
4|3,|3,-1,(4|3)-(|3),(4|3)-(|3),1,1,0,3.0,3.0,0.0,3.5246e-5
4|3,1|3,0,(4|3)-(|3)+(1|3),(4|3)-(|3)+(1|3),2,2,0,4.0,4.0,0.0,7.9679e-5
4|3,2|3,0,(4|3)-(|3)+(2|3),(4|3)-(|3)+(2|3),2,2,0,4.0,4.0,0.0,7.1789e-5
4|3,3|3,0,(4|3)-(|3)+(3|3),(4|3)-(|3)+(3|3),2,2,0,4.0,4.0,0.0,7.404e-5
4|3,5|3,0,(4|3)-(|3)+(5|3),(4|3)-(|3)+(5|3),2,2,0,4.0,4.0,0.0,7.6964e-5
5|3,|1,-1,(5|3)=(5|2)=(5|1)-(|1),(5|3)=(5|2)=(5|1)-(|1),3,3,0,13.0,13.0,0.0,9.889e-5
5|3,1|1,0,(5|3)=(5|2)=(5|1)-(|1)+(1|1),(5|3)=(5|2)=(5|1)-(|1)+(1|1),4,4,0,14.0,14.0,0.0,0.000152839
5|3,2|1,0,(5|3)=(5|2)=(5|1)-(|1)+(2|1),(5|3)=(5|2)=(5|1)-(|1)+(2|1),4,4,0,14.0,14.0,0.0,0.000143704
5|3,3|1,0,(5|3)=(5|2)=(5|1)-(|1)+(3|1),(5|3)=(5|2)=(5|1)-(|1)+(3|1),4,4,0,14.0,14.0,0.0,0.000139469
5|3,1*3|1,1,(5|3)+(1*5|3)+(1*3*5|3)>(3|3)=(3|2)=(3|1)+(1*3|1),(5|3)=(5|2)=(5|1)-(|1)+(1|1)+(1*3|1),5,6,-1,15.0,13.1,1.9,0.00017829
5|3,4|1,0,(5|3)=(5|2)=(5|1)-(|1)+(4|1),(5|3)=(5|2)=(5|1)-(|1)+(4|1),4,4,0,14.0,14.0,0.0,0.000129123
5|3,5|1,0,(5|3)=(5|2)=(5|1),(5|3)=(5|2)=(5|1),2,2,0,10.0,10.0,0.0,5.2398e-5
5|3,1*5|1,1,(5|3)=(5|2)=(5|1)+(1*5|1),(5|3)=(5|2)=(5|1)+(1*5|1),3,3,0,11.0,11.0,0.0,9.8641e-5
5|3,4*5|1,1,(5|3)=(5|2)=(5|1)+(4*5|1),(5|3)=(5|2)=(5|1)+(4*5|1),3,3,0,11.0,11.0,0.0,0.000101089
5|3,|2,-1,(5|3)=(5|2)-(|2),(5|3)=(5|2)-(|2),2,2,0,8.0,8.0,0.0,7.0809e-5
5|3,1|2,0,(5|3)=(5|2)-(|2)+(1|2),(5|3)=(5|2)-(|2)+(1|2),3,3,0,9.0,9.0,0.0,9.5476e-5
5|3,2|2,0,(5|3)=(5|2)-(|2)+(2|2),(5|3)=(5|2)-(|2)+(2|2),3,3,0,9.0,9.0,0.0,0.000130762
5|3,3|2,0,(5|3)=(5|2)+(3*5|2)>(3|2),(5|3)=(5|2)-(|2)+(3|2),3,3,0,9.0,6.1,2.9,0.000126973
5|3,4|2,0,(5|3)=(5|2)-(|2)+(4|2),(5|3)=(5|2)-(|2)+(4|2),3,3,0,9.0,9.0,0.0,0.000136665
5|3,5|2,0,(5|3)=(5|2),(5|3)=(5|2),1,1,0,5.0,5.0,0.0,3.1818e-5
5|3,2*5|2,1,(5|3)=(5|2)+(2*5|2),(5|3)=(5|2)+(2*5|2),2,2,0,6.0,6.0,0.0,7.1233e-5
5|3,|3,-1,(5|3)-(|3),(5|3)-(|3),1,1,0,3.0,3.0,0.0,3.5068e-5
5|3,1|3,0,(5|3)-(|3)+(1|3),(5|3)-(|3)+(1|3),2,2,0,4.0,4.0,0.0,6.9028e-5
5|3,2|3,0,(5|3)-(|3)+(2|3),(5|3)-(|3)+(2|3),2,2,0,4.0,4.0,0.0,6.7959e-5
5|3,3|3,0,(5|3)+(3*5|3)>(3|3),(5|3)-(|3)+(3|3),2,2,0,4.0,1.1,2.9,7.0349e-5
5|3,4|3,0,(5|3)-(|3)+(4|3),(5|3)-(|3)+(4|3),2,2,0,4.0,4.0,0.0,6.8504e-5
